,Movie Id,Title,Tagword,description,totaltweets,retweetcount,text,hashtags
0,23,Taxi Driver ,#taxidriver,| ğŸ³ï¸â€ğŸŒˆ | waanjai | phiball | mewlion,48781,16,"Best Kdrama of 2021ğŸ¤­

#Mouse
#BeyondEvil 
#taxidriver
#TheDevilJudge https://t.co/59RPwH5zWv","['Mouse', 'BeyondEvil', 'taxidriver', 'TheDevilJudge']"
1,23,Taxi Driver ,#taxidriver,"STAND_UP COMEDIAN,EVENT PLANNER & GOD PIKIN | GOD is My Way Maker",12344,1,We Are the RidersNatioN #JoinMyRide #princessfrancis #bbnaija #BigBrotherNaija #bigbrothernaijaseason6 #shineyaeye #Princess #TaxiDriver https://t.co/bWfjF1ht3c,"['JoinMyRide', 'princessfrancis', 'bbnaija', 'BigBrotherNaija', 'bigbrothernaijaseason6', 'shineyaeye']"
2,23,Taxi Driver ,#taxidriver,#Solopreneur? #SelfEmployed? #Microbusiness? Get a profile on our #globaldirectory. Get leads and visibility. Great company. Great people. Love you all.,30751,1,"Be considerate. Give your cab driver a hand while loading baggage, especially if the bags are heavy and the person is struggling with them. 
https://t.co/R73REgGdOk
#cabs #airport #taxidriver #taxi #yellowcab #taxicab #yellowtaxi #shuttleservice #shuttleservices #taxidrivers https://t.co/ADNHS3rvNX",[]
3,23,Taxi Driver ,#taxidriver,"seo woojin & cha eunjae ğŸ’– | assorted kdramas, tv series, and movies ğŸ’«",5424,0,"i know that #TaxiDriver doesnâ€™t have a romance plot, but iâ€™m really dying of the slow burn here. why is kim do ki so shippable? ğŸ¥ºğŸ˜­",['TaxiDriver']
4,23,Taxi Driver ,#taxidriver,ğŸ”â€¢ Angie â€¢ 26 â€¢ NY â€¢ she/her â€¢ CQL//ZH//DMBJ//WB//K&H â€¢ Fan Artist â€¢ Kdrama â€¢ KPop â€¢ No RPS â€¢ 100% crying over Mi Re â€¢ everyone in WB is gay,13255,16,"Best Kdrama of 2021ğŸ¤­

#Mouse
#BeyondEvil 
#taxidriver
#TheDevilJudge https://t.co/59RPwH5zWv","['Mouse', 'BeyondEvil', 'taxidriver', 'TheDevilJudge']"
5,23,Taxi Driver ,#taxidriver,"Providing quality taximeters, dash-cams and telematics to professional drivers.",2320,0,Truth! #Taxi #Cabbie #TaxiDriver https://t.co/bNUF09EBnB,"['Taxi', 'Cabbie', 'TaxiDriver']"
6,23,Taxi Driver ,#taxidriver,Monbebe right here,29157,16,"Best Kdrama of 2021ğŸ¤­

#Mouse
#BeyondEvil 
#taxidriver
#TheDevilJudge https://t.co/59RPwH5zWv","['Mouse', 'BeyondEvil', 'taxidriver', 'TheDevilJudge']"
7,23,Taxi Driver ,#taxidriver,"~ be a warrior, not a worrier ~ ğŸŒ¿
| cw: #HP2 â€¢ #Kingdom â€¢ #MRIAG â€¢ #Nevertheless â€¢ #TheDevilJudge â€¢ #TheRoadTragedyOfOne â€¢ #TheWitchsDiner â€¢ #UnforgettableLove",28,0,"and now, all i am hoping for is a conformation of season 2.
#TaxiDriver ğŸ’– https://t.co/63yxpi1SD0",['TaxiDriver']
8,23,Taxi Driver ,#taxidriver,"#à¸¨à¸²à¸ªà¸™à¸²à¸ˆà¸´à¸™à¸¢à¸­à¸‡à¸à¹ˆà¸­ 
#loveAllMembers #GOT7FOREVERâ€‹                   
ğŸŒ´ğŸ°ğŸ¢ğŸ‘ğŸ¦¦ğŸŒ¼ğŸ",74002,16,"Best Kdrama of 2021ğŸ¤­

#Mouse
#BeyondEvil 
#taxidriver
#TheDevilJudge https://t.co/59RPwH5zWv","['Mouse', 'BeyondEvil', 'taxidriver', 'TheDevilJudge']"
9,23,Taxi Driver ,#taxidriver,Super Duper Fangirl Account,759,16,"Best Kdrama of 2021ğŸ¤­

#Mouse
#BeyondEvil 
#taxidriver
#TheDevilJudge https://t.co/59RPwH5zWv","['Mouse', 'BeyondEvil', 'taxidriver', 'TheDevilJudge']"
10,23,Taxi Driver ,#taxidriver,,24769,16,"Best Kdrama of 2021ğŸ¤­

#Mouse
#BeyondEvil 
#taxidriver
#TheDevilJudge https://t.co/59RPwH5zWv","['Mouse', 'BeyondEvil', 'taxidriver', 'TheDevilJudge']"
11,23,Taxi Driver ,#taxidriver,With over 28 yearsâ€™ experience in the London taxi and minicab business.,27,0,"Enjoy Reading Books While Commuting to Office, Our drivers will not be disturbed you while reading a book.

Ph: 01628 520 420
https://t.co/V8csLIrdEf

#Books #Reading #Book #Bookloversday #NationalBookLoversDay #wooburngreen #wooburngreentaxis #travel #taxi #taxidriver https://t.co/tNm9vWzhoc","['Books', 'Reading', 'Book', 'Bookloversday', 'NationalBookLoversDay', 'wooburngreen', 'wooburngreentaxis', 'travel', 'taxi', 'taxidriver']"
12,23,Taxi Driver ,#taxidriver,"ğ™³ğš˜ğš›ğšŠğšŒğš›ğšğš—ğšğš;  ğ™°ğš’ğš›ğšğš—. 
ğŸ“º: The Devil Judge, You Are My Spring, Hospital Playlist 2, You Are My Glory.",42973,16,"Best Kdrama of 2021ğŸ¤­

#Mouse
#BeyondEvil 
#taxidriver
#TheDevilJudge https://t.co/59RPwH5zWv","['Mouse', 'BeyondEvil', 'taxidriver', 'TheDevilJudge']"
13,23,Taxi Driver ,#taxidriver,"ğŸ’—ğŸ€#MarkBam #MTBB  
#BamBamğŸğŸ€#MarkTuan ğŸ°ğŸ’—  #JacksonğŸ¢ğŸ’— #Got7ğŸ’š",19507,16,"Best Kdrama of 2021ğŸ¤­

#Mouse
#BeyondEvil 
#taxidriver
#TheDevilJudge https://t.co/59RPwH5zWv","['Mouse', 'BeyondEvil', 'taxidriver', 'TheDevilJudge']"
14,23,Taxi Driver ,#taxidriver,tvxq | sj | nuâ€™est . minj | shinee . onew | nurse,266185,16,"Best Kdrama of 2021ğŸ¤­

#Mouse
#BeyondEvil 
#taxidriver
#TheDevilJudge https://t.co/59RPwH5zWv","['Mouse', 'BeyondEvil', 'taxidriver', 'TheDevilJudge']"
15,23,Taxi Driver ,#taxidriver,#GB. #UTAG #TaxiRoaders #RIP #OneTokeBloke #KickKhanOut,15915,1,"@DonnachadhMc @RemoveallLTNS @VoiceOfN9 @Mohammad12akib @StopKillingCycl Lol #dirtydonna 
#Resigned before you are pushed seems to be a very common thread in your life 
not #taxidriver poll and you know it but you retweeted it and made that disgusting tweet 
back to #flights to #india 
how many times have  you be #arrested 10/12 ish what a #humanbeing https://t.co/g9dWCKHrep","['dirtydonna', 'Resigned']"
16,23,Taxi Driver ,#taxidriver,Marketing apprentice at @taxisolutionsuk / 24 / Photography Graduate /,39,1,"Tip #2
We know social media can be daunting, so hereâ€™s a quick tip for #MarketingMonday! 
-
-
-
-
#TaxiSolutions #Taxis #Taxi #TaxiDriver #TaxiAgency #ReviewMasterseo #TaxiBooker #SocialMedia #SocialMediaMarketing #DigitalMarketing #MarketingMonday #MondayMotivation https://t.co/T95U2aty3j","['MarketingMonday', 'TaxiSolutions']"
17,23,Taxi Driver ,#taxidriver,"Professor, Boxing, Bodybuilding, Garage Gym https://t.co/NyvvaUrDdz Twitter Account: Badass MF Movie Scenes (Man, Manly, Manliest)",5,0,"â€œSome day a real rain will come and wash all all this scum off the streets.â€

#taxidriver #travisbickle #somedayarealrainwillcome https://t.co/nPSQscGm6B","['taxidriver', 'travisbickle', 'somedayarealrainwillcome']"
18,23,Taxi Driver ,#taxidriver,"Let us make the small changes that matter a lot. Bridging the IT gap for taxi firms. Digital Marketing Websites, Social Media and SEO #TaxiSolutions",534,1,"Tip #2
We know social media can be daunting, so hereâ€™s a quick tip for #MarketingMonday! 
-
-
-
-
#TaxiSolutions #Taxis #Taxi #TaxiDriver #TaxiAgency #ReviewMasterseo #TaxiBooker #SocialMedia #SocialMediaMarketing #DigitalMarketing #MarketingMonday #MondayMotivation https://t.co/T95U2aty3j","['MarketingMonday', 'TaxiSolutions', 'Taxis', 'Taxi', 'TaxiDriver', 'TaxiAgency', 'ReviewMasterseo', 'TaxiBooker', 'SocialMedia', 'SocialMediaMarketing', 'DigitalMarketing', 'MarketingMonday', 'MondayMotivation']"
19,23,Taxi Driver ,#taxidriver,"J 
J
J",35469,16,"Best Kdrama of 2021ğŸ¤­

#Mouse
#BeyondEvil 
#taxidriver
#TheDevilJudge https://t.co/59RPwH5zWv","['Mouse', 'BeyondEvil', 'taxidriver', 'TheDevilJudge']"
20,23,Taxi Driver ,#taxidriver,"Writer: #Ringtone, The Drowning Airman, War Walks With Wildgoose and others. Planner: Novel no.6. Runner-up: #WriteCBC. Tweeter: #TheMovies.",45533,2,"""I know everything about that bridge...""

I was struck again by how 'misrepresented' it seems to be in popular culture, maybe by people who've forgotten how gritty it is. It sits alongside 1970s New York greats #Serpico and #TaxiDriver for me. Fantastic.
https://t.co/twEsiJj6f3",[]
21,23,Taxi Driver ,#taxidriver,,237268,16,"Best Kdrama of 2021ğŸ¤­

#Mouse
#BeyondEvil 
#taxidriver
#TheDevilJudge https://t.co/59RPwH5zWv","['Mouse', 'BeyondEvil', 'taxidriver', 'TheDevilJudge']"
22,23,Taxi Driver ,#taxidriver,you helped me during my difficult times and saved me through your work. I will support you no matter what.,35589,16,"Best Kdrama of 2021ğŸ¤­

#Mouse
#BeyondEvil 
#taxidriver
#TheDevilJudge https://t.co/59RPwH5zWv","['Mouse', 'BeyondEvil', 'taxidriver', 'TheDevilJudge']"
23,23,Taxi Driver ,#taxidriver,,194,0,"You canâ€™t beat an ice cream at the seaside in the sun! Sidolis @ The Harbourside is where our drivers like to pop down for a coffee on a cold day &amp; an ice cream on a hot day! 01656788887
-
-
#Driven #taxidriver #taxi #taxiservice #porthcawl #wales #cardiff #swansea #southwales https://t.co/d2d2Ie6F1t","['Driven', 'taxidriver', 'taxi', 'taxiservice', 'porthcawl', 'wales', 'cardiff', 'swansea', 'southwales']"
24,23,Taxi Driver ,#taxidriver,#OAD #deafdogssnorelouder #RIPonetokebloke #UTAG #wooffuckingwoof caution needed can be grumpy,9073,1,"@DonnachadhMc @RemoveallLTNS @VoiceOfN9 @Mohammad12akib @StopKillingCycl Lol #dirtydonna 
#Resigned before you are pushed seems to be a very common thread in your life 
not #taxidriver poll and you know it but you retweeted it and made that disgusting tweet 
back to #flights to #india 
how many times have  you be #arrested 10/12 ish what a #humanbeing https://t.co/g9dWCKHrep","['dirtydonna', 'Resigned', 'taxidriver', 'flights', 'india', 'arrested', 'humanbeing']"
25,23,Taxi Driver ,#taxidriver,"I'mâ€‹ not Ahgase! (Justâ€‹ jinyoung)â€‹
à¹„à¸¡à¹ˆà¸­à¸™à¸¸à¸à¸²à¸•à¹ƒà¸«à¹‰à¹à¸„à¸›à¹‚à¸„à¸§à¸—à¹„à¸›à¹ƒà¸Šà¹‰à¹ƒà¸™à¸—à¸²à¸‡à¸—à¸µà¹ˆà¸à¹ˆà¸­à¹ƒà¸«à¹‰à¹€à¸à¸´à¸”à¸„à¸§à¸²à¸¡à¹€à¸ªà¸µà¸¢à¸«à¸²à¸¢  


  à¸­à¸±à¸à¹€à¸”à¸• à¸£à¸µà¸§à¸´à¸§ #hanakomasji",97561,16,"Best Kdrama of 2021ğŸ¤­

#Mouse
#BeyondEvil 
#taxidriver
#TheDevilJudge https://t.co/59RPwH5zWv","['Mouse', 'BeyondEvil', 'taxidriver', 'TheDevilJudge']"
26,23,Taxi Driver ,#taxidriver,Account made mainly for #DMBJ ğŸŒ¿,4826,16,"Best Kdrama of 2021ğŸ¤­

#Mouse
#BeyondEvil 
#taxidriver
#TheDevilJudge https://t.co/59RPwH5zWv","['Mouse', 'BeyondEvil', 'taxidriver', 'TheDevilJudge']"
27,23,Taxi Driver ,#taxidriver,"Taxi services throughout San Mateo, Menlo Park, Daly City, Colma, Brisbane, Pacifica, Broadmoor, Millbrae, Burlingame, Hillsborough, Foster City and more.",4734,1,"Be considerate. Give your cab driver a hand while loading baggage, especially if the bags are heavy and the person is struggling with them. 
https://t.co/R73REgGdOk
#cabs #airport #taxidriver #taxi #yellowcab #taxicab #yellowtaxi #shuttleservice #shuttleservices #taxidrivers https://t.co/ADNHS3rvNX","['cabs', 'airport', 'taxidriver', 'taxi', 'yellowcab', 'taxicab', 'yellowtaxi', 'shuttleservice', 'shuttleservices', 'taxidrivers']"
28,23,Taxi Driver ,#taxidriver,,151357,1,"Low fares and nothing to hide. We know every location. Book a ride anytime, anywhere in the city with NO PEAK FACTORS applied and make your travel great with a 30% Cash Back Discount.
#b4ucabs #ridenow #lowfares #taxi #taxidriver #parking #rickshaw #discount #karachi #hyderabad https://t.co/Gqs6FqB4KI",[]
29,23,Taxi Driver ,#taxidriver,B4U CABS is the Fastest Growing Ride-Hailing Service in Pakistan. Book luxury rides at your doorsteps & move to any corner of the town at Cheapest-Fare ever.,338,1,"Low fares and nothing to hide. We know every location. Book a ride anytime, anywhere in the city with NO PEAK FACTORS applied and make your travel great with a 30% Cash Back Discount.
#b4ucabs #ridenow #lowfares #taxi #taxidriver #parking #rickshaw #discount #karachi #hyderabad https://t.co/Gqs6FqB4KI","['b4ucabs', 'ridenow', 'lowfares', 'taxi', 'taxidriver', 'parking', 'rickshaw', 'discount', 'karachi', 'hyderabad']"
30,23,Taxi Driver ,#taxidriver,ğ“„µâ•² ğ’ğ‡ğ€ğ€-ğƒğ€ğ€ğ à¹à¸ˆà¸à¸„à¸§à¸²à¸¡à¸à¸¥à¸”à¹ƒà¸à¸¥â•²ğ“ˆˆ 1 9 9 4 ' s #BTOBğŸ’™ #harembtobxğŸ’™ğ’ğ’–ğ’— ğ’– ğ’‚ğ’ğ’˜ğ’‚ğ’šğ’” @BTOB_ILL,15259,642,"[exclusive] FINALLY!! the second season of #TaxiDriver has been confirmed. According to the article, the drama will be released next year.

ğŸ”—: https://t.co/iwTKIq0LUJ https://t.co/cQDXqsPrEe",['TaxiDriver']
31,23,Taxi Driver ,#taxidriver,"Australia's National Magazine for the Australian Taxi, Hire Car, Limo & Ride Share Industry. Reporting on Industry news, Government updates, stories & thoughts.",1772,0,"A taxi driver's close call with COVID sparks a mandatory use of QR codes in Tasmania. The Tasmanian government is undertaking a review.

Full article: https://t.co/pdgpeeDLf4

#tastaxi #taxidriver #cvaus #taxidrivers #qrcode #taxi #hobarttaxi https://t.co/E2LHlr0mUT","['tastaxi', 'taxidriver', 'cvaus', 'taxidrivers', 'qrcode', 'taxi', 'hobarttaxi']"
32,23,Taxi Driver ,#taxidriver,"I am a Bot, @sarangpidadi07 created me. I retweet the tweets.",1359,5,"You can relate with Lucknow incident.ğŸ˜‘
.
#lucknowgirl #Lucknow #MeToo #CabDriver #ArrestLucknowGirl #TaxiDriver #Feminism #fake #justiceforcabdriver #Lucknowcabdriver #lucknowcase https://t.co/J96RnJ3nK6","['lucknowgirl', 'Lucknow', 'MeToo', 'CabDriver', 'ArrestLucknowGirl', 'TaxiDriver']"
33,23,Taxi Driver ,#taxidriver,"Ek Aam Bharatiya..
An Engineer",64144,1,"I hope this time one more Saravjeet Singh's life is not destroyed because of some false allegations made by a girl for fake publicity
Let's hope truth wins whether it is girl or taxi driver
#ArrestLucknowGirl
#TaxiDriver #lucknowgirl #lucknowtrafficpolice",[]
34,23,Taxi Driver ,#taxidriver,"Ek Aam Bharatiya..
An Engineer",64144,3,"I recommend watching Watch: Girl beats taxi driver in the presence of police, video goes viral on ZEE5 App. Click here to watch it too https://t.co/nI5DKqfaVq

@ZeeNews this is what you're doing with that girl. #lucknowgirl #ArrestLucknowGirl #TaxiViolence #TaxiDriver https://t.co/d6Ld5kF0hR",[]
35,23,Taxi Driver ,#taxidriver,Premium one way and round trip cab services at affordable prices. No matter where you travel - we've got a taxi for you.,22,0,"The Best Cabs Service in Cochin
Safety is our No.1 Priority.
https://t.co/6kcl2MarfF
#bangaloretocochin #taxiservice #taxidriver #taxicab #OneWayTaxiService #RoundTripCabs https://t.co/iNiza7F4Yp","['bangaloretocochin', 'taxiservice', 'taxidriver', 'taxicab', 'OneWayTaxiService', 'RoundTripCabs']"
36,23,Taxi Driver ,#taxidriver,"GoTaxie offers one way taxis, inter-city, and rental cabs",46,0,"Commuting has become significantly easier now. Download the GoTaxie app, book your cab, and start riding towards your destination hassle-free.
#taxi #taxidriver #travel #cab #taxis #taxiservice #taxista #cars #covid #driver #airport #taxicab #cabs #cabservice #Widerange #sedan https://t.co/R0oBR1zNH9","['taxi', 'taxidriver', 'travel', 'cab', 'taxis', 'taxiservice', 'taxista', 'cars', 'covid', 'driver', 'airport', 'taxicab', 'cabs', 'cabservice', 'Widerange', 'sedan']"
37,23,Taxi Driver ,#taxidriver,GOTEXO JBNINIğŸ’–ğŸŒ¸ IG @hallyuforyou ğŸŒ¸,27425,100,"#JungHaeIn to star in upcoming WATCHA original series 'Unframed' and #PyoYeJin to make a cameo directed by #LeeJeHoon.

This is such an exciting reunion for these two besties and our #TaxiDriver duo ğŸ¤© https://t.co/Y1qsVha5XG","['JungHaeIn', 'PyoYeJin', 'LeeJeHoon']"
38,23,Taxi Driver ,#taxidriver,"Australia's National Magazine for the Australian Taxi, Hire Car, Limo & Ride Share Industry. Reporting on Industry news, Government updates, stories & thoughts.",1772,0,"Queensland Premier Annastacia Palaszczuk has now confirmed the taxi driver case was linked to the reef pilot who tested positive in Cairns' northern beaches last week.

News report via https://t.co/LjSpbryRQA

#qldtaxi #taxidriver #taxi #cvaus https://t.co/dcOb0fJhu3","['qldtaxi', 'taxidriver', 'taxi', 'cvaus']"
39,23,Taxi Driver ,#taxidriver,,447,102,"heâ€™s always so dramatic pls ğŸ˜­ğŸ¤£
#TaxiDriverEp10 #TaxiDriver https://t.co/9OtUobhxPj","['TaxiDriverEp10', 'TaxiDriver']"
40,23,Taxi Driver ,#taxidriver,nothing important,1269,2,"ğŸ“º Drama Korea
Taxi Driver (SBS, 2021)

Movie : Be Like ğŸ˜

#TaxiDriver #LeeJeHoon #Esom #PyoYeJin https://t.co/cdo6pm7bix","['TaxiDriver', 'LeeJeHoon', 'Esom', 'PyoYeJin']"
41,23,Taxi Driver ,#taxidriver,"#Biker_Akash
@youtuber
@vlogger 
@Traveler

#Indian",177,0,"last 5 to 6 days past but still no action against #Priyadarshini it very ridiculous work done by govt Nd police no fair Justice 4 #taxidriver 
Nd recently some local new showing on their channel Priyadarshini has been arrested  but it's fake the girl still out","['Priyadarshini', 'taxidriver']"
42,23,Taxi Driver ,#taxidriver,"#Biker_Akash
@youtuber
@vlogger 
@Traveler

#Indian",177,2,"In our society everyone set in his mind Ki ladki ki kabhi galti nahi hoti 
Ha #taxidriver ki he galti hogi 
#lucknowgirl
But ladki  taxi driver ko full public ke samne thapad mar ti rahe ladki ki galti he firbhi no action against her #ArrestLucknowGirl #justiceforcabdriver https://t.co/1W3drgWHNN","['taxidriver', 'lucknowgirl']"
43,23,Taxi Driver ,#taxidriver,Leading Transportation Service in Sri Lanka | You can get our services from any area of the Sri Lanka | Call Us - 071-1707761 | Whatsapp,6,0,"100 of drivers have already joined us. We are very happy to inform you and there is still a chance for you to join us.Thankyou!
#taxi #cabservice #taxidriver #taxisrilanka #srilankataxi https://t.co/f4pEq3YMUt","['taxi', 'cabservice', 'taxidriver', 'taxisrilanka', 'srilankataxi']"
44,23,Taxi Driver ,#taxidriver,"If I flirt with you don't take it seriously, I probably showed my tweet to hubby before I sent it to you. I am a freaken gem, the type you missed out on.",41065,0,"Work culture in Korea seems so toxic. I cannot imagine an environment where another human being puts their hands on me at work for work related issues. #kdrama go ka nyewa shem, fast even. #taxidriver https://t.co/HuEyVBsscg","['kdrama', 'taxidriver']"
45,23,Taxi Driver ,#taxidriver,"17 || Love All Play

cw: #Nevertheless #TaxiDriver #RacketBoys #TheDevilJudge 



ğŸ‘‰Follow for more drama contents 'n Updaaates ğŸ‘ˆ",2159,0,"KANG MARIA'S CASE | CLOSED
#TaxiDriver #ëª¨ë²”íƒì‹œ #LeeJeHoon #Esom https://t.co/GTVeeEjX1w","['TaxiDriver', 'ëª¨ë²”íƒì‹œ', 'LeeJeHoon', 'Esom']"
46,23,Taxi Driver ,#taxidriver,íƒ•ì¤€ìƒ ã…¡ ì´ì œí›ˆ ã…¡ ì´ë„í˜„ ã…¡ ë°°ì¸í˜â™¡ ! @mpranqg,94831,76,#TaxiDriver : Run Away https://t.co/NrQe4kF8LF,['TaxiDriver']
47,23,Taxi Driver ,#taxidriver,"i talk about kdramas	                                             			
cw: Kairos",2953,0,#taxidriver was so good! interesting concept. They got away with a LOT but I m willing to ignore it all lol. The cast was amazing I hope they make a season 2!!!,['taxidriver']
48,23,Taxi Driver ,#taxidriver,"i talk about kdramas	                                             			
cw: Kairos",2953,0,their entire bond in #taxidriver is so good. people with pain coming together and helping each other. so wholesome,['taxidriver']
49,23,Taxi Driver ,#taxidriver,Nobody is real in ths world except parents,117,2,Gender doesn't tell us who is guilty &amp; who is  not. Just because if she is women is innocent and just because he is a guy is guilty. Our mentality needs to be changed. #humaradeshbadalrahahai #sochbhibadlo #TaxiDriver #StandUp4HumanRights #Standup #equality,[]
50,23,Taxi Driver ,#taxidriver,"Writer: #Ringtone, The Drowning Airman, War Walks With Wildgoose and others. Planner: Novel no.6. Runner-up: #WriteCBC. Tweeter: #TheMovies.",45533,2,"""I know everything about that bridge...""

I was struck again by how 'misrepresented' it seems to be in popular culture, maybe by people who've forgotten how gritty it is. It sits alongside 1970s New York greats #Serpico and #TaxiDriver for me. Fantastic.
https://t.co/twEsiJj6f3","['Serpico', 'TaxiDriver']"
51,23,Taxi Driver ,#taxidriver,ë‚˜ëŠ” ì˜í˜¼ì„ ë¨¹ì–´ìš”.,195,0,I want #ëª¨ë²”íƒì‹œ season 2 right now ğŸ˜­ â™¥ï¸ #ì´ì œí›ˆ #LeeJeHoon #TaxiDriver,"['ëª¨ë²”íƒì‹œ', 'ì´ì œí›ˆ', 'LeeJeHoon', 'TaxiDriver']"
52,23,Taxi Driver ,#taxidriver,Beware of the half truth. You may have gotten hold of the wrong half.,7287,1,I have no idea why this scene from #TaxiDriver is on my iPad but itâ€™s hot. Enjoy Lee Je Hoon driving recklessly for 1 minute 37 seconds. Youâ€™re welcome. https://t.co/GyJ8QNWfKh,['TaxiDriver']
53,23,Taxi Driver ,#taxidriver,"Providing quality taximeters, dash-cams and telematics to professional drivers.",2320,0,#FunFact Start smiling! A study by Cornell university found that when customers were greeted with a smile at tips received typically increased by 140%! - Now that's something to smile about. #Taxi #Cabbie #TaxiDriver https://t.co/OFEvT66eli,"['FunFact', 'Taxi', 'Cabbie', 'TaxiDriver']"
54,23,Taxi Driver ,#taxidriver,"Loves Movies, Music, Sport. I'm mainly here for the daily news and current affairs. May tweet from time to time.",586,0,You Talking To Me? #taxidriver https://t.co/DSAcPFol5i,['taxidriver']
55,23,Taxi Driver ,#taxidriver,"I'm the Ed Wood of photography!
https://t.co/At4tDd6aSi",165,0,Why all #taxidriver want to talk? Is there a premium price like on #YouTube where they shut up like the advertisements?,"['taxidriver', 'YouTube']"
56,23,Taxi Driver ,#taxidriver,somewhere only we know,4379,0,"Just as we think #TaxiDriver highlights the societal evils, #TheDevilJudge dials up the notches","['TaxiDriver', 'TheDevilJudge']"
57,23,Taxi Driver ,#taxidriver,"KKK | K-drama, Kalokahan, Kamulatan",3717,5,"The way Do Ki turned the tables on them here.ğŸ‘ğŸ‘ğŸ˜† 

#TaxiDriver 
#TaxiDriverEp14 https://t.co/IQ24vmvdqe","['TaxiDriver', 'TaxiDriverEp14']"
58,23,Taxi Driver ,#taxidriver,"KKK | K-drama, Kalokahan, Kamulatan",3717,16,"taxi driver is the kind of drama that everyone should watch, it deserved to be on netflix. the awareness and messages they spread through this drama are really IMPORTANT. 
 -brilliant storyline 
 -well- written characters 
WATCH IT!
#TaxiDriver #TaxiDriverEp14 https://t.co/ugbwtcCQ3q",[]
59,23,Taxi Driver ,#taxidriver,Digital Payment Solution Provider using open banking and native payments,265,0,Itâ€™s finally arriving the best &amp; biggest Taxi ğŸš•event PHTM EXPO. See us at stand 38. #lynkpay #autocab #taxipayments #openbanking #fintech #cashless #taxidriver #phtm https://t.co/kZgQw5R5Wo,"['lynkpay', 'autocab', 'taxipayments', 'openbanking', 'fintech', 'cashless', 'taxidriver', 'phtm']"
60,23,Taxi Driver ,#taxidriver,markhyuck,821,216,"Itâ€™s a very important issue that we need to discuss. thereâ€™s billions of unsolicited videos of victims uploaded unto porn sites along. sex trafficking and pornography are tied together intricately.
#TaxiDriver #TaxiDriverEp6 https://t.co/zcr8svnxBS",[]
61,23,Taxi Driver ,#taxidriver,"ECom, MDM, DAM - Strategy,  Founder, Leica, Philosophy",3499,0,"Taxi Driver, Nightscapes, Tokyo

Leica M9 with Leica NOCTILUX 50mm f0.95 ASPH.

#leicacl #noctilux095 #nightscapes #taxidriver #sakura #tokyo #japan #leicagram #nightphotography #citylights #cityscapes #tokyocity #tokyocityscape #streetphotography #tokyoâ€¦ https://t.co/59WDyxHBws https://t.co/y0whk3k0Jc","['leicacl', 'noctilux095', 'nightscapes', 'taxidriver', 'sakura', 'tokyo', 'japan', 'leicagram', 'nightphotography', 'citylights', 'cityscapes', 'tokyocity', 'tokyocityscape', 'streetphotography', 'tokyo']"
62,23,Taxi Driver ,#taxidriver,inhale once and think twice,47042,0,Top 5 thrift finds for sure!!! #TaxiDriver #deniro https://t.co/0SMsxcjwdO,"['TaxiDriver', 'deniro']"
63,23,Taxi Driver ,#taxidriver,à¸à¸¹à¹€à¸­à¹‹à¸­à¹†à¸­à¸¢à¹ˆà¸²à¸¡à¸²à¸¢à¸¸à¹ˆà¸‡à¸à¸±à¸šà¸à¸¹,40,25,"#ìµœí˜„ìš± #à¸Šà¹€à¸§à¸®à¸¢à¸­à¸™à¸­à¸¸à¸„ #CHOIHYUNWOOK #TaxiDriver #ëª¨ë²”íƒì‹œ #ë¼ì¼“ì†Œë…„ë‹¨ 

â’¸ goldmedalist_official https://t.co/TlY44fcJEX","['ìµœí˜„ìš±', 'à¸Šà¹€à¸§à¸®à¸¢à¸­à¸™à¸­à¸¸à¸„', 'CHOIHYUNWOOK', 'TaxiDriver', 'ëª¨ë²”íƒì‹œ', 'ë¼ì¼“ì†Œë…„ë‹¨']"
64,23,Taxi Driver ,#taxidriver,La lealtad a Cristina no se negocia âœŒï¸,158642,2,Another wonderful night at @newbeverly #cinema #scorsese #taxidriver https://t.co/zGCGEz8sCd,"['cinema', 'scorsese', 'taxidriver']"
65,23,Taxi Driver ,#taxidriver,Bimbodacious. Bimbastic. Filled with Bimbopinions. They/she. ğŸŒˆ. Bimbolish prisons!!!,10919,14,Reposting this evergreen clip #taxidriver #mcu https://t.co/gxWfUPvD0d,"['taxidriver', 'mcu']"
66,23,Taxi Driver ,#taxidriver,I love to talk about KDrama a lot. I talk about KPop sometimes. I dont like hatred or negative comments but I appreciate different opinions. Thank youâœŒğŸ¼,11600,20,"#TaxiDriver ending messages

a thread 
https://t.co/3Tcso9HaqD",['TaxiDriver']
67,23,Taxi Driver ,#taxidriver,markhyuck,821,52,"whats with guys looking 10x hotter in black turtleneck ğŸ¥µ
#TaxiDriverEp5 #TaxiDriver https://t.co/3QwhD8jIum","['TaxiDriverEp5', 'TaxiDriver']"
68,23,Taxi Driver ,#taxidriver,"Official Twitter for FilmFan ğŸ’‹ Keeping up to date with breaking Film news ğŸ¬ Movie releases ğŸ¦ teasers & trailers.

More at https://t.co/686QcoukDn",11186,0,"Steve Schapiro ğŸ“š Taxi Driver Hardcover 
https://t.co/YjrG8EVIew

This bookâ€•more than a film-still book, rather a pure photo book in its own rightâ€•features hundreds of unseen images selected from Schapiroâ€™s archives.
#SteveSchapiro #TaxiDriver #Hardcover","['SteveSchapiro', 'TaxiDriver', 'Hardcover']"
69,23,Taxi Driver ,#taxidriver,markhyuck,821,325,"what i love about taxi driver is that, youâ€™ll get your heart broken of how they show how cruel life is, then get you satisfied every time they achieve their goal of helping those abused. 4 eps will really hook you up ğŸ˜­â¤ï¸

#TaxiDriver #TaxiDriverEp4 https://t.co/1WNXX3ngKW",[]
70,23,Taxi Driver ,#taxidriver,ä½ å¥½ğŸ‘‹ ä¸å¥½æ„æ€i spam!! CW #2Days1Night #AncientLovePoetry #DevilJudge #YouAreMySpring,2631,0,"#TaxiDriver

Finishing this drama in fast mode only for my loyalty to #leejehoon onlyğŸ¥ºğŸ¥º but the story is cool tho + the dark vibes is just toooo dominant lollll https://t.co/VqPxiYthq2","['TaxiDriver', 'leejehoon']"
71,23,Taxi Driver ,#taxidriver,"I want to explore the world ğŸŒ  
Want to achieve something special from the nature ğŸŒˆğŸŒ¿ğŸŒŠğŸ‘",43,0,"#taxidriver needs justice ğŸ™

#ArrestLucknowGirl 
#ArrestLucknowGirl 
#ArrestLucknowGirl 
#ArrestLucknowGirl 
#ArrestLucknowGirl https://t.co/nlHfyr0IIH","['taxidriver', 'ArrestLucknowGirl', 'ArrestLucknowGirl', 'ArrestLucknowGirl', 'ArrestLucknowGirl', 'ArrestLucknowGirl']"
72,23,Taxi Driver ,#taxidriver,Tommy Mottola lives on the roadğŸµğŸ¶,179377,2,Another wonderful night at @newbeverly #cinema #scorsese #taxidriver https://t.co/zGCGEz8sCd,"['cinema', 'scorsese', 'taxidriver']"
73,23,Taxi Driver ,#taxidriver,"(he/him) Craig MacNeil - Videodrome DiscothÃ¨que, Host & Producer â€œCraig & Friendsâ€ @craigandfriendspod https://t.co/VkvtIdAFED",9133,2,Another wonderful night at @newbeverly #cinema #scorsese #taxidriver https://t.co/zGCGEz8sCd,"['cinema', 'scorsese', 'taxidriver']"
74,23,Taxi Driver ,#taxidriver,"GTS Cab service is very reliable taxi service.our fare is very cheap compared to other taxi service.
our service in all our india.delhi to dehradun cab service.",97,0,"|| Delhi to Jaipur Cab Service ||
Book Delhi to Jaipur Pick/Drop Cab Service at very affordable cab fare  
Visit: https://t.co/DIzWybvVbB
ğŸ“+91-9212069317
#GTSCab #GarhwalTaxiService #GTSCarRental #taxidriver #delhidiaries  #Jaipur #delhi  #uttarakhand  #bhfyp https://t.co/TAMpeHsnat","['GTSCab', 'GarhwalTaxiService', 'GTSCarRental', 'taxidriver', 'delhidiaries', 'Jaipur', 'delhi', 'uttarakhand', 'bhfyp']"
75,23,Taxi Driver ,#taxidriver,she/her | && runners.,1185,100,"#JungHaeIn to star in upcoming WATCHA original series 'Unframed' and #PyoYeJin to make a cameo directed by #LeeJeHoon.

This is such an exciting reunion for these two besties and our #TaxiDriver duo ğŸ¤© https://t.co/Y1qsVha5XG","['JungHaeIn', 'PyoYeJin', 'LeeJeHoon']"
76,23,Taxi Driver ,#taxidriver,"â€œMemories warm you up from the inside. But they also tear you apart.â€  
                                           
      La Douleur Exquise",8213,0,S2 for #TaxiDriver ğŸ™,['TaxiDriver']
77,23,Taxi Driver ,#taxidriver,"cw : racket boys, hospital playlist 2, the devil judge, yams & otvoi | am a sucker for slice of life dramas | beyond evil is an exception",1281,0,"Choi Hyun-wook should just stay out of places like these.ğŸŒ¿ First, his character lost his marijuana and next he got himself poisoned by hellebore thinking it was wild garlic.ğŸ˜‚
#RacketBoys #taxidriver https://t.co/bphwdeKj1v","['RacketBoys', 'taxidriver']"
78,23,Taxi Driver ,#taxidriver,Io che vivo la mia vita e (se mi va) vi rendo partecipi âœ¨â€¢Thatâ€™s a safe placeâ€¢âœ¨,33,24,"ğŸ† Podio #Album: 

1âƒ£ #HappierThanEver - @billieeilish 
 
2âƒ£ #TaxiDriver - #Rkomi

3âƒ£ #TeatroDIraVol1 - @thisismaneskin 

Tutte le chart online su https://t.co/LV9L86dlP3 e sull'app ğŸ“² https://t.co/wkolNKjSji","['Album', 'HappierThanEver', 'TaxiDriver', 'Rkomi', 'TeatroDIraVol1']"
79,23,Taxi Driver ,#taxidriver,Ø®Ø§,160,0,"You talking to me?
Oh you talking to me??
Pof
#taxidriver",['taxidriver']
80,23,Taxi Driver ,#taxidriver,how u doing 7w7,9823,24,"ğŸ† Podio #Album: 

1âƒ£ #HappierThanEver - @billieeilish 
 
2âƒ£ #TaxiDriver - #Rkomi

3âƒ£ #TeatroDIraVol1 - @thisismaneskin 

Tutte le chart online su https://t.co/LV9L86dlP3 e sull'app ğŸ“² https://t.co/wkolNKjSji","['Album', 'HappierThanEver', 'TaxiDriver', 'Rkomi', 'TeatroDIraVol1']"
81,23,Taxi Driver ,#taxidriver,,16443,24,"ğŸ† Podio #Album: 

1âƒ£ #HappierThanEver - @billieeilish 
 
2âƒ£ #TaxiDriver - #Rkomi

3âƒ£ #TeatroDIraVol1 - @thisismaneskin 

Tutte le chart online su https://t.co/LV9L86dlP3 e sull'app ğŸ“² https://t.co/wkolNKjSji","['Album', 'HappierThanEver', 'TaxiDriver', 'Rkomi', 'TeatroDIraVol1']"
82,23,Taxi Driver ,#taxidriver,Provide Accident Services to Taxi/Private Hire Drivers Nationwide. Replacement Taxi Delivered Within Hours. We Also Provide Taxi Insurance & Taxi Sales.,2793,0,"Go on, let it all out... you see it all as a #taxidriver so why not share? Go on let it out, you'll feel better... https://t.co/qo8ijMscYk",['taxidriver']
83,23,Taxi Driver ,#taxidriver,Je suis cool mais faut pas me faire chier,285,0,Cybil Shepherd with Martin Scorsese in the background #taxidriver #movie #scorsese https://t.co/wwphxcpuwC,"['taxidriver', 'movie', 'scorsese']"
84,23,Taxi Driver ,#taxidriver,"just a 23 y/o using this space to talk about what she's watching. ğŸ¥º(CW: nevertheless, light on me,you are my spring,racket boys, mystic popup bar)",2191,0,I'm on episode 9 of #taxidriver now and as great as this show is it's a literal high key trigger for abuse.,['taxidriver']
85,23,Taxi Driver ,#taxidriver,"â€œNo matter how hard life gets, never regret anything that made you smileâ€ â€”random tweets about life, kdrama and etc",68957,0,"shet, I miss #TaxiDriver so much!!!! Season 2 fast forward please!!! https://t.co/X2y2xO9BQu",['TaxiDriver']
86,23,Taxi Driver ,#taxidriver,"watch out for #arlenereviews rants, raves on everything and anything under the stars",13320,0,"Kcharacters of Lee Je-hoon / Kim Do-gi as Taxi Driver, Korean Series https://t.co/wxHiiqI5nZ via @YouTube 

Please like and subsrcibe :)
#LeeJeeHoon #taxidriver #kimdogi #koreandrama #kdramatwt  #kcharacters","['LeeJeeHoon', 'taxidriver', 'kimdogi', 'koreandrama', 'kdramatwt', 'kcharacters']"
87,23,Taxi Driver ,#taxidriver,"seo woojin & cha eunjae ğŸ’– | assorted kdramas, tv series, and movies ğŸ’«",5424,0,"the past week has been so crazy stressful and so now iâ€™m on bedrest for the weekend with #TaxiDriver keeping me company. i canâ€™t believe i didnâ€™t watch this while it was airing, itâ€™s seriously so good!! ğŸ¤˜",['TaxiDriver']
88,23,Taxi Driver ,#taxidriver,"fan. she/her

No more America. Only Waterparks.

Eyes are dumb. Ears rock.

@trenchgarnet    @brkln_bandito",184415,24,"ğŸ† Podio #Album: 

1âƒ£ #HappierThanEver - @billieeilish 
 
2âƒ£ #TaxiDriver - #Rkomi

3âƒ£ #TeatroDIraVol1 - @thisismaneskin 

Tutte le chart online su https://t.co/LV9L86dlP3 e sull'app ğŸ“² https://t.co/wkolNKjSji","['Album', 'HappierThanEver', 'TaxiDriver', 'Rkomi', 'TeatroDIraVol1']"
89,23,Taxi Driver ,#taxidriver,"Providing quality taximeters, dash-cams and telematics to professional drivers.",2320,0,Driving long hours &amp; a coffee addiction? It's not great for your health. Try these quick tips to be a healthier #taxidriver 1)Stand &amp; Stretch your legs when you can 2) Stay hydrated (with water not coffee) 3) Make sure your seat is adjusted properly 4) Walk 15+ minutes a day https://t.co/CzDGrDhSqd,['taxidriver']
90,23,Taxi Driver ,#taxidriver,ğœğ°: | Penthouse s3 | The Witch Diner | HP s2 | Racket Boys,2860,0,"BUT I realized If they kill either of the two, IS THAT REALLY JUSTICE THEY ARE LOOKING FOR?

Will Seol A and Yoon Hee be happy?
Killing is killing, right? And it's a crime.

Huhuhu sorry for this tweet. I just remember #TaxiDriver (à²¥ï¹à²¥) they gain nothing in doing

(2/n)",['TaxiDriver']
91,23,Taxi Driver ,#taxidriver,"currently loving baekhyun, renjun, & their teamğŸ’«",11324,16,"#KimDoki: Oh, Ophelia

#TaxiDriver #kdrama #edit #LeeJeHoon https://t.co/gxrlESvhmo","['KimDoki', 'TaxiDriver', 'kdrama', 'edit', 'LeeJeHoon']"
92,23,Taxi Driver ,#taxidriver,"KPOP & KDRAMA Fangirling account | 2nd Gen Idols | May not be active on Twitter but Iâ€™ll always watch over my favs through Google, Instagram, YouTube and stuff",66252,0,I suddenly want to watch some action movie and #FabricatedCity did give me the thrill I wanted. It's similar to #TaxiDriver since it has the same writer.,"['FabricatedCity', 'TaxiDriver']"
93,23,Taxi Driver ,#taxidriver,"all about kdramas & actorsâœ¨cw: Hospital Playlist S2, The Witch's Diner, Blue Birthday",402,0,"Adding #TaxiDriver to one of my fave dramas. Everything is just so good from the story, actors, acting ğŸ’¯ And I love how it gave emphasis to realistic scenarios happening in the society every episode. I love #LeeJeeHoon and the whole Rainbow Transport team so much! https://t.co/SVJzH6ILuK","['TaxiDriver', 'LeeJeeHoon']"
94,23,Taxi Driver ,#taxidriver,"ê’° #ìœ¤ê¸° #ì œë…¸ ê’± : áµƒË¡Ë¡ â± â¿áµ‰áµ‰áµˆ â±Ë¢ áµƒË¡áµ‰áµƒ â— 
áµÊ¸ áµˆáµƒâ±Ë¡Ê¸ áµˆáµ’Ë¢áµ‰ áµ’á¶  Ê°áµƒáµ–áµ–â±â¿áµ‰Ë¢Ë¢ ğŸ’¥ .",18518,100,"#JungHaeIn to star in upcoming WATCHA original series 'Unframed' and #PyoYeJin to make a cameo directed by #LeeJeHoon.

This is such an exciting reunion for these two besties and our #TaxiDriver duo ğŸ¤© https://t.co/Y1qsVha5XG","['JungHaeIn', 'PyoYeJin', 'LeeJeHoon']"
95,23,Taxi Driver ,#taxidriver,Me,36770,20,"My request to @MardParty along with #ArrestLucknowGirl @Uppolice must issue apology to #TaxiDriver for wrong full arrest &amp; compensation.
Demand from #LawMakers @KirenRijiju @HMOIndia  to amend #IP354  gender Neutral. Massive Camping in #UPElection2022 No vote for anti-Men party!","['ArrestLucknowGirl', 'TaxiDriver']"
96,23,Taxi Driver ,#taxidriver,"Kim ji won ,Kim soo hyun 
Lee do hyun ,Kim yoo jung",394,2,"[ FMV ] Okay so I tried to edit some videos from Jiwon's recent cf and from the Taxi Driver drama series!  Sorry I'm not good at this ğŸ¤£ğŸ™ˆğŸ™ˆ hahahah I just want to see Jiwon in this kind of drama soon ğŸ˜ğŸ–¤

#KimJiWon #LeeJeHoon #TaxiDriver https://t.co/XHqXOBeDbv",[]
97,23,Taxi Driver ,#taxidriver,KDrama and ë°©íƒ„ì†Œë…„ë‹¨ enthusiast ğŸ’œ Shine âœ¨ Dream ğŸ’« Smile â˜ºï¸,49346,0,"Ampogi ni Lee Je Hoon dito sa #TaxiDriver, lordt. ğŸ˜©

Feast for the eyes. ğŸ˜ https://t.co/7xOqGuSbUB",['TaxiDriver']
98,23,Taxi Driver ,#taxidriver,"I used to be @prescott56. But, my account was hacked. I cannot access my old account. I set up a new one. Hawkwind, Frank Zappa and The Residents. Usual stuff.",558931,1,"Steve Schapiro ğŸ“š Taxi Driver Hardcover 
https://t.co/skhjzFUYhH

This bookâ€•more than a film-still book, rather a pure photo book in its own rightâ€•features hundreds of unseen images selected from Schapiroâ€™s archives.
#SteveSchapiro #TaxiDriver #Hardcover",[]
99,23,Taxi Driver ,#taxidriver,"MÃ¥neskin | Nu'est | Seventeen | ğ˜®ğ˜¶ğ˜­ğ˜µğ˜ªğ˜§ğ˜¢ğ˜¯ğ˜¥ğ˜°ğ˜®
â€¢TH/ENG/ITAâ€¢ à¹à¸›à¸¥à¹€à¸à¸¥à¸‡+à¸šà¸—à¸ªà¸±à¸¡ mÃ¥ à¸•à¸­à¸™à¸§à¹ˆà¸²à¸‡âœï¸
â¥ï¸ğšğšğšğš• ğšğš›ğšğš ğšğš˜ ğšğš– ğš–ğš",45372,24,"ğŸ† Podio #Album: 

1âƒ£ #HappierThanEver - @billieeilish 
 
2âƒ£ #TaxiDriver - #Rkomi

3âƒ£ #TeatroDIraVol1 - @thisismaneskin 

Tutte le chart online su https://t.co/LV9L86dlP3 e sull'app ğŸ“² https://t.co/wkolNKjSji","['Album', 'HappierThanEver', 'TaxiDriver', 'Rkomi', 'TeatroDIraVol1']"
